Hello,Good,Hello,Good,Hello,Good,Hello,Good
My,Team,My,Team,My,Team,My,Team
Team,work,Team,work,Team,work,Team,work
Hello,Good,Hello,Good,Hello,Good,Hello,Good
My,Team,My,Team,My,Team,My,Team
Team,work,Team,work,Team,work,Team,work
Hello,Good,Hello,Good,Hello,Good,Hello,Good
My,Team,My,Team,My,Team,My,Team
Team,work,Team,work,Team,work,Team,work
Hello,Good,Hello,Good,Hello,Good,Hello,Good
My,Team,My,Team,My,Team,My,Team
Team,work,Team,work,Team,work,Team,work
Hello,Good,Hello,Good,Hello,Good,Hello,Good
My,Team,My,Team,My,Team,My,Team
Team,work,Team,work,Team,work,Team,work
Hello,Good,Hello,Good,Hello,Good,Hello,Good
My,Team,My,Team,My,Team,My,Team
Team,work,Team,work,Team,work,Team,work
Hello,Good,Hello,Good,Hello,Good,Hello,Good
My,Team,My,Team,My,Team,My,Team
Team,work,Team,work,Team,work,Team,work
Hello,Good,Hello,Good,Hello,Good,Hello,Good
My,Team,My,Team,My,Team,My,Team
Team,work,Team,work,Team,work,Team,work
Hello,Good,Hello,Good,Hello,Good,Hello,Good
My,Team,My,Team,My,Team,My,Team
Team,work,Team,work,Team,work,Team,work
Hello,Good,Hello,Good,Hello,Good,Hello,Good
My,Team,My,Team,My,Team,My,Team
Team,work,Team,work,Team,work,Team,work
Hello,Good,Hello,Good,Hello,Good,Hello,Good
My,Team,My,Team,My,Team,My,Team
Team,work,Team,work,Team,work,Team,work
Hello,Good,Hello,Good,Hello,Good,Hello,Good
My,Team,My,Team,My,Team,My,Team
Team,work,Team,work,Team,work,Team,work
